{"77323935":0.0005819999999999999,"5828751625":0.012374}